id,nombre,entidad,actualizado,columnas,busqueda
pfdp-zks5,Estados Financieros NIIF- Estado de Situación Financiera,Español,2026-07-06T21:02:27.000Z,"valor, periodo, codigo_instancia, fecha_corte, punto_entrada, id_taxonomia, taxonomia, nit, id_punto_entrada, numero_radicado, concepto",supersociedades estado de situación financiera
44ep-i633,Estados Financieros – Estado de Resultados y Estado de Situación Financiera,Español,2026-09-28T20:38:59.000Z,"mes, a_o, descripcion, valor, tipo_de_estado, categoria",supersociedades estado de situación financiera
qq22-95mh,Estado de Situación Financiera (Balance General),Español,2020-08-16T21:40:06.000Z,"vigencia_actual, ano, depa_codigo, codigo_habilitacion, conc_codigo, departamento, habilitado, nivel, ese, fecha_creacion, caracter, nombre, muni_codigo, concepto, municipio",supersociedades estado de situación financiera
xshb-7655,Estados Financieros USPEC,Español,2026-06-04T20:13:12.000Z,"notas, valor, activo, vigencia, codigo, tipo",supersociedades estado de situación financiera
prwj-nzxa,Estados Financieros NIIF- Estado de Resultado Integral,Español,2026-07-07T17:18:25.000Z,"punto_entrada, id_punto_entrada, taxonomia, valor, numero_radicado, codigo_instancia, concepto, periodo, fecha_corte, id_taxonomia, nit",supersociedades estado de situación financiera
yn23-73dm,Estadística de Consultas Superintendencia Financiera de Colombia,Español,2023-03-07T20:51:18.000Z,"estado, mes, fecha_de_recepcion, a_o, nombre_del_tramite",supersociedades estado de situación financiera
dvrp-bv2w,ESTADO DE SITUACIÓN FINANCIERA,Español,2026-09-28T21:39:23.000Z,"saldo_2023, saldo_2025, saldo_2024, nombre_cuenta, saldo_2021, saldo_2019, saldo_2022, a_o, codigo_cuenta, mes, saldo_2020",supersociedades estado de situación financiera
kab4-rp7b,Detalle estado actividad financiera en miles y balance general,Español,2022-11-01T19:46:37.000Z,"cuenta, valor_miles, a_o",supersociedades estado de situación financiera
ctcp-462n,Estados Financieros NIIF- Estado de Flujo Efectivo,Español,2026-07-07T15:53:17.000Z,"nit, valor, punto_entrada, codigo_instancia, fecha_corte, numero_radicado, id_punto_entrada, id_taxonomia, periodo, taxonomia, concepto",supersociedades estado de situación financiera
pnmg-36gx,Situación Financiera ESE Salud Pereira,Español,2022-11-21T20:04:47.000Z,"trimestre, nombre, concepto, nit, a_o, valor_en_pesos",supersociedades estado de situación financiera
y8u7-q37x,Quejas interpuestas por los consumidores financieros ante la Superintendencia Financiera de Colombia en contra de las entidades vigiladas,Español,2023-05-05T16:38:42.000Z,"mes, estado, tipo_entidad, nombre_entidad, producto, anio, motivo, codigo_entidad",supersociedades estado de situación financiera
g36h-z67x,Conozca qué es la Unidad de Información y Análisis Financiero (UIAF),Español,2026-09-01T19:47:47.584Z,,supersociedades estado de situación financiera
y3gh-x5g7,Estados Financieros NIIF- Otro Resultado Integral,Español,2026-07-07T15:28:21.000Z,"codigo_instancia, nit, fecha_corte, numero_radicado, id_taxonomia, punto_entrada, id_punto_entrada, periodo, concepto, taxonomia, valor",supersociedades estado de situación financiera
vkjr-c6fe,RESULTADOS ELECTORALES 2018 CAMARA DE REPRESENTANTES,Español,2021-02-09T23:06:17.000Z,"partido, ndepto, votos, candidato, zz, pp, ncircunscripcion, nmpio, npuesto, mesa",supersociedades estado de resultado integral
75f2-fe2s,RESULTADOS ELECTORALES 2018 SENADO DE LA REPUBLICA,Español,2021-03-15T20:46:15.000Z,"ndepto, mesa, zz, nmpio, pp, partido, npuesto, ncircunscripcion, votos, candidato",supersociedades estado de resultado integral
vu35-ijhy,Estado de Resultados ESE Salud Pereira,Español,2022-11-21T20:44:39.000Z,"concepto, valor_en_pesos, nombre, a_o, nit, trimestre",supersociedades estado de resultado integral
6hqw-m3dm,Estados Financieros NIIF- Carátula,Español,2026-07-06T19:27:12.000Z,"punto_entrada, valor, fecha_corte, taxonomia, numero_radicado, codigo_instancia, periodo, id_punto_entrada, concepto, id_taxonomia, nit",supersociedades estado de resultado integral
8r5f-mquk,Histórico Estado de Resultados San Pedro,Español,2025-10-21T16:25:53.000Z,"clase, valor, subclase, a_o, cod_dane",supersociedades estado de resultado integral
ye36-3rj4,Estado de Resultados Integrales (Estado de Actividad),Español,2020-08-17T12:57:39.000Z,"depa_codigo, codigo_habilitacion, nombre, nivel, muni_codigo, fecha_creacion, vigencia_actual, conc_codigo, ese, ano, caracter, habilitado, concepto, municipio, departamento",supersociedades estado de resultado integral
dgfa-i9bf,Estado de resultados,Español,2025-05-21T13:13:51.140Z,,supersociedades estados financieros NIIF
dt2g-rpec,Estados Financieros de la Alcaldía de Santiago de Cali,kelly.vallejo@cali.gov.co,2025-07-22T16:10:59.000Z,,supersociedades estados financieros NIIF
ycmz-s9vh,Plan financiero,Español,2023-08-23T17:17:48.000Z,"_2023, _2029, _2018, _2025, _2031, _2026, _2017, _2027, cuenta, _2028, _2019, _2021, _2020, _2030, _2024, _2022, descripci_n",supersociedades estados financieros NIIF
hv2j-txti,Comportamiento de Información contable pública movimientos contables - con notas estados financieros,medata@medellin.gov.co,2025-08-05T15:52:58.000Z,,supersociedades estados financieros NIIF
